{
    "Mean Absolute Error": 21.14125804901123,
    "Mean Squared Error": 659.660995986245,
    "R\u00b2 Score": -0.028715115437089267
}